{
    "speeds": [
        22.2,
        23,
        23,
        23,
        23,
        23,
        23,
        23,
        40.8,
        40.8,
        40.8,
        40.8,
        40.8,
        40.8,
        40.8,
        91.1,
        91.1,
        91.1,
        91.1,
        91.1,
        91.1,
        91.1,
        107.6,
        107.6,
        107.6,
        107.6,
        107.6,
        107.6,
        68,
        68,
        68,
        68,
        68,
        68,
        68,
        74.3,
        74.3,
        74.3,
        74.3,
        74.3,
        74.3,
        74.3,
        141.9,
        141.9,
        141.9,
        141.9,
        141.9,
        141.9,
        141.9,
        15.2,
        15.2,
        15.2,
        15.2,
        15.2,
        15.2,
        15.2,
        13.6,
        13.6,
        13.6,
        13.6,
        13.6,
        13.6,
        13.6,
        0,
        0,
        0,
        0,
        0,
        0,
        0,
        11.5,
        11.5,
        11.5,
        11.5,
        11.5,
        11.5,
        11.5,
        0,
        0,
        0,
        0,
        0,
        0,
        0,
        31.8,
        31.8,
        31.8,
        31.8,
        31.8,
        31.8,
        31.8
    ],
    "duration": "00:05:21",
    "distance": 5.54,
    "ascent": 28,
    "longitude": [
        15.8806177,
        15.8809717,
        15.8813018,
        15.8813357,
        15.8815886,
        15.8815886,
        15.8822301,
        15.8826357,
        15.8826357,
        15.8831421,
        15.883494,
        15.8835073,
        15.8837856,
        15.8838537,
        15.8839121,
        15.8840004,
        15.8840142,
        15.8841,
        15.8841,
        15.8841964,
        15.8843238,
        15.8845775,
        15.8846851,
        15.8851794,
        15.885221,
        15.8853597,
        15.8855275,
        15.8855275,
        15.8855846,
        15.8860164,
        15.8862185,
        15.8862185,
        15.8863829,
        15.8866286,
        15.8866286,
        15.8869221,
        15.8869221,
        15.8871444,
        15.8871444,
        15.8878116,
        15.8883012,
        15.8883012,
        15.8883854,
        15.8884765,
        15.8886088,
        15.8887146,
        15.8887146,
        15.8889232,
        15.8889785,
        15.889285,
        15.8894394,
        15.8896407,
        15.8896407,
        15.8898514,
        15.8900342,
        15.8900342,
        15.8900967,
        15.8900967,
        15.8905205,
        15.8907185,
        15.8911473,
        15.8914438,
        15.8921857,
        15.8921857,
        15.8925784,
        15.8928102,
        15.8928102,
        15.8929656,
        15.8931166,
        15.8934165,
        15.893506,
        15.8941548,
        15.8941726,
        15.89443,
        15.8947656,
        15.8947656,
        15.8949144,
        15.8949144,
        15.8954734,
        15.8957161,
        15.8957161,
        15.8958456,
        15.8960342,
        15.89647,
        15.89647,
        15.896621,
        15.8973294,
        15.8975725,
        15.8976423,
        15.8976423,
        15.8978042,
        15.8979903,
        15.8982074,
        15.8984452,
        15.8986947,
        15.8991376,
        15.9001275,
        15.9012969,
        15.9020367,
        15.9028441,
        15.9043857,
        15.9045504,
        15.9046975,
        15.9046975,
        15.9048202,
        15.9048202,
        15.905157
    ],
    "latitude": [
        46.4271221,
        46.4273033,
        46.4274496,
        46.4274646,
        46.4275689,
        46.4275689,
        46.427827,
        46.42798,
        46.42798,
        46.4281344,
        46.4282355,
        46.4282393,
        46.4283328,
        46.4283577,
        46.4283799,
        46.4284149,
        46.4284186,
        46.4284375,
        46.4284375,
        46.4284823,
        46.4285461,
        46.4286737,
        46.4287233,
        46.4289509,
        46.4289738,
        46.4290393,
        46.4291141,
        46.4291141,
        46.4291411,
        46.4293062,
        46.4293495,
        46.4293495,
        46.4293793,
        46.4294023,
        46.4294023,
        46.4294042,
        46.4294042,
        46.429394,
        46.429394,
        46.4293041,
        46.4292627,
        46.4292627,
        46.4292641,
        46.4292657,
        46.429268,
        46.429279,
        46.429279,
        46.4293006,
        46.4293167,
        46.4294061,
        46.429477,
        46.4295695,
        46.4295695,
        46.429563,
        46.4295795,
        46.4295795,
        46.4295852,
        46.4295852,
        46.4296535,
        46.4296854,
        46.4297546,
        46.4298024,
        46.4298871,
        46.4298871,
        46.4299167,
        46.4299282,
        46.4299282,
        46.4299411,
        46.4299495,
        46.4299662,
        46.4299712,
        46.4300111,
        46.4300122,
        46.4300338,
        46.4300696,
        46.4300696,
        46.4301024,
        46.4301024,
        46.4302446,
        46.4302941,
        46.4302941,
        46.4303205,
        46.4303589,
        46.4304361,
        46.4304361,
        46.4304629,
        46.4305884,
        46.4306273,
        46.4306418,
        46.4306418,
        46.4306753,
        46.4306987,
        46.4307259,
        46.4307548,
        46.4307696,
        46.4307592,
        46.4307348,
        46.4307033,
        46.4307012,
        46.4306938,
        46.4306491,
        46.4306589,
        46.4306671,
        46.4306671,
        46.4306829,
        46.4306829,
        46.4307363
    ],
    "altitude": [
        110.0,
        110.0,
        110.0,
        110.0,
        110.0,
        110.0,
        110.0,
        111.0,
        112.0,
        112.0,
        112.0,
        112.0,
        112.0,
        112.0,
        112.0,
        112.0,
        112.0,
        115.0,
        118.0,
        118.0,
        118.0,
        118.0,
        118.0,
        118.0,
        118.0,
        118.0,
        120.0,
        122.0,
        122.0,
        122.0,
        123.0,
        124.0,
        124.0,
        124.0,
        124.0,
        125.0,
        126.0,
        126.0,
        126.0,
        126.0,
        127.0,
        128.0,
        128.0,
        128.0,
        128.0,
        129.0,
        130.0,
        130.0,
        130.0,
        130.0,
        130.0,
        132.0,
        134.0,
        134.0,
        134.0,
        134.0,
        134.0,
        134.0,
        134.0,
        134.0,
        134.0,
        134.0,
        134.0,
        134.0,
        134.0,
        134.0,
        134.0,
        134.0,
        134.0,
        134.0,
        134.0,
        134.0,
        134.0,
        134.0,
        134.0,
        134.0,
        134.0,
        134.0,
        134.0,
        134.0,
        134.0,
        134.0,
        134.0,
        134.0,
        134.0,
        134.0,
        134.0,
        134.0,
        135.0,
        136.0,
        136.0,
        136.0,
        136.0,
        136.0,
        136.0,
        136.0,
        136.0,
        136.0,
        136.0,
        136.0,
        136.0,
        136.0,
        136.0,
        136.0,
        137.0,
        138.0,
        138.0
    ],